title,views,when
ГРОМКИЙ ВОПРОС с Азаматом Мусагалиевым,5.9M views,1 year ago
ГРОМКИЙ ВОПРОС с Павлом Волей | С Новым Годом!,5.5M views,10 months ago
ГРОМКИЙ ВОПРОС с Димой Масленниковым,5.3M views,1 year ago
ГРОМКИЙ ВОПРОС с Ильёй Макаровым,5.1M views,1 year ago
ГРОМКИЙ ВОПРОС с Денисом Дороховым,4.9M views,1 year ago
ГРОМКИЙ ВОПРОС со Славой Комиссаренко,4.6M views,1 year ago
ИМПРОВИЗАЦИЯ. КОНЦЕРТ #3,4.5M views,1 year ago
ГРОМКИЙ ВОПРОС с Иваном Абрамовым,4.5M views,1 year ago
ГРОМКИЙ ВОПРОС с Клавой Кокой,4M views,1 year ago
"АКТЕРЫ ШОУ «ИМПРОВИЗАЦИЯ» СМОТРЯТ ВЫПУСК, КОТОРЫЙ ПРОДЮСЕРЫ РЕШИЛИ НЕ ПОКАЗЫВАТЬ",3.6M views,1 year ago
ГРОМКИЙ ВОПРОС с Ирой Мягковой | Премьера,3.5M views,1 year ago
ГРОМКИЙ ВОПРОС с Романом Каграмановым,3.5M views,7 months ago
ГРОМКИЙ ВОПРОС с Андреем Бебуришвили,3.4M views,1 year ago
ГРОМКИЙ ВОПРОС с Александром Гудковым,3.4M views,10 months ago
ИМПРОВИЗАЦИЯ. КОНЦЕРТ #1,3.4M views,1 year ago
ГРОМКИЙ ВОПРОС с Региной Тодоренко,3.3M views,1 year ago
ГРОМКИЙ ВОПРОС с Тимуром Родригезом,3.3M views,1 year ago
ГРОМКИЙ ВОПРОС с Идой Галич,3.3M views,1 year ago
ГРОМКИЙ ВОПРОС с Эльдаром Джараховым,3.3M views,7 months ago
ГРОМКИЙ ВОПРОС с Машей Миногаровой,3.2M views,9 months ago
ГРОМКИЙ ВОПРОС с Евгением Чебатковым,3.1M views,1 year ago
ГРОМКИЙ ВОПРОС с Эмиром Кашоковым,2.9M views,3 months ago
ГРОМКИЙ ВОПРОС с Даней Милохиным,2.9M views,8 months ago
ГРОМКИЙ ВОПРОС с Демисом Карибидисом,2.9M views,6 months ago
ГРОМКИЙ ВОПРОС с L’ONE,2.8M views,1 year ago
ГРОМКИЙ ВОПРОС с Артуром Бабичем,2.8M views,11 months ago
ГРОМКИЙ ВОПРОС с Валей Карнавал,2.8M views,4 months ago
ГРОМКИЙ ВОПРОС с Мигелем,2.6M views,5 months ago
ГРОМКИЙ ВОПРОС с Анатолием Цоем,2.6M views,1 year ago
ГРОМКИЙ ВОПРОС с Викторией Складчиковой,2.6M views,2 months ago
ГРОМКИЙ ВОПРОС с Сергеем Орловым,2.3M views,6 months ago
ИМПРОВИЗАЦИЯ. КОНЦЕРТ #2,2.3M views,1 year ago
ИМПРОВИЗАЦИЯ. КОНЦЕРТ #4,2.3M views,1 year ago
ГРОМКИЙ ВОПРОС с Еленой Темниковой,2.2M views,11 months ago
ГРОМКИЙ ВОПРОС с Аллой Михеевой,2.2M views,4 months ago
ИМПРОВИЗАЦИЯ. ИСТОРИИ #1 | Турецкий конфликт,2.1M views,1 year ago
ГРОМКИЙ ВОПРОС с Гурамом Амаряном,2.1M views,2 months ago
ГРОМКИЙ ВОПРОС с Владимиром Маркони,2M views,5 months ago
ГРОМКИЙ ВОПРОС с Алексеем Смирновым,2M views,1 month ago
ГРОМКИЙ ВОПРОС со Стасом Шеминовым,2M views,1 month ago
ИМПРОВИЗАЦИЯ. ИСТОРИИ #2 | Квест,1.9M views,1 year ago
ИМПРОВИЗАЦИЯ ВЛОГ #14 | Дальний Восток,1.9M views,1 year ago
ИМПРОВИЗАЦИЯ. ИСТОРИИ #7 | Измены,1.9M views,9 months ago
"ИМПРОВИЗАЦИЯ. КОМАНДЫ / ФИНАЛ / Тамбов VS Курск / Сцена «Москва 1», Сезон «Весна - 2019» /",1.9M views,3 years ago
ГРОМКИЙ ВОПРОС с Евгенией Медведевой,1.9M views,3 weeks ago
ИМПРОВИЗАЦИЯ. ИСТОРИИ #6 | Рашн трип,1.7M views,10 months ago
ИМПРОВИЗАЦИЯ ВЛОГ#6 / Гастроли по Сибири,1.7M views,2 years ago
ИМПРОВИЗАЦИЯ. ИСТОРИИ #4 | Новый бизнес,1.7M views,11 months ago
"Шастун, Попов, Позов и Матвиенко смеются до слез во время выступления",1.6M views,2 years ago
"Всё, что вы хотели узнать о шоу «Импровизация»",1.6M views,3 years ago
"ИМПРОВИЗАЦИЯ. КОМАНДЫ / ФИНАЛ / Минск VS Курск / Сцена «Хард», Сезон «Осень - 2019»",1.6M views,2 years ago
ИМПРОВИЗАЦИЯ. ИСТОРИИ #5 | #мнетридцать,1.6M views,10 months ago
ИМПРОВИЗАЦИЯ ВЛОГ#4 / Беларусь,1.6M views,2 years ago
ГРОМКИЙ ВОПРОС c Юрой Музыченко,1.6M views,12 days ago
ИМПРОВИЗАЦИЯ. ИСТОРИИ #3 | Молниеборцы,1.5M views,11 months ago
ГРОМКИЙ ВОПРОС с Зоей Яровицыной,1.5M views,4 months ago
Импровизация. Шоу вне шоу / Гастроли. Жизнь. Правда. 18+ /,1.4M views,4 years ago
ИМПРОВИЗАЦИЯ. ИСТОРИИ #8 | Увольнение,1.4M views,8 months ago
ИМПРОВИЗАЦИЯ. ИСТОРИИ #9 | Миллион,1.3M views,7 months ago
ИМПРОВИЗАЦИЯ. ИСТОРИИ #10 | Спасение,1.3M views,7 months ago
ИМПРОВИЗАЦИЯ. КОМАНДЫ | «Хард» Финал | Осень 2020,1.2M views,1 year ago
ИМПРОВИЗАЦИЯ ВЛОГ#2 / Что произошло в Подмосковье? / Как живёт Шастун? / Какой Позов дома?,1.1M views,2 years ago
ИМПРОВИЗАЦИЯ. ИСТОРИИ #11 | Кража,1M views,2 months ago
ИМПРОВИЗАЦИЯ ВЛОГ#0 / 15 секунд за 8 часов,955K views,3 years ago
"ИМПРОВИЗАЦИЯ ВЛОГ#5 / Съёмки «Где логика?», «Пятница с Региной», Новогодняя Импровизация",949K views,2 years ago
ИМПРОВИЗАЦИЯ. ИСТОРИИ #12 | Однажды в парке,905K views,1 month ago
ИМПРОВИЗАЦИЯ. ИСТОРИИ #13 | Купи коня,891K views,1 month ago
ИМПРОВИЗАЦИЯ ВЛОГ #11 | Первый концерт после карантина | Питер,796K views,2 years ago
ИМПРОВИЗАЦИЯ ВЛОГ#3 / Шастуна легко обмануть? / Кому что подарили? / Что было на концерте в Москве?,794K views,2 years ago
ИМПРОВИЗАЦИЯ ВЛОГ#1 / Крыса в коллективе? / Шастун играет блюз? / Что такое техничка?,787K views,3 years ago
ИМПРОВИЗАЦИЯ ВЛОГ #8 | НОВЫЙ СЕЗОН,721K views,2 years ago
ИМПРОВИЗАЦИЯ ВЛОГ #13 | 5 лет в эфире! | Юбилейный выпуск,706K views,1 year ago
ИМПРОВИЗАЦИЯ ВЛОГ #12 | С Новым годом! | Воронеж,684K views,1 year ago
ИМПРОВИЗАЦИЯ ВЛОГ #10 | TikTok дом,621K views,2 years ago
ИМПРОВИЗАЦИЯ ВЛОГ #9 | Студия Союз,613K views,2 years ago
ИМПРОВИЗАЦИЯ ВЛОГ #7 / Съёмки пилотного выпуска «Импровизация. Команды»,546K views,2 years ago
«Импровизация» в Crocus City Hall / Большой Концерт,307K views,3 years ago
ЧТО ТАКОЕ ИМПРОКОМ?,283K views,1 year ago
НА РЕПИТЕ #1 | Премьера,264K views,1 year ago
ИМПРОВИЗАЦИЯ КОМАНДЫ | Что осталось за кадром?,229K views,1 year ago
ИМПРОВИЗАЦИЯ. КОМАНДЫ | Второй сезон изнутри,152K views,1 year ago
НА РЕПИТЕ #4,148K views,1 year ago
НА РЕПИТЕ #2,127K views,1 year ago
НА РЕПИТЕ #3,126K views,1 year ago
ИМПРОВИЗАЦИЯ | Команды: Отбор лучших команд во второй телесезон.,96K views,1 year ago
Школа кастинг в новый ТВ-проект Comedy Club Production «Импровизация. Команды»,94K views,4 years ago
ИМПРОВИЗАЦИЯ | Команды: Кто попадет в новый сезон? Выпуск 1,85K views,2 years ago
ИМПРОВИЗАЦИЯ. КОМАНДЫ / Жеребьевка. Сцены «Москва 1» и «Москва 2» сезон Весна - 2019 /,82K views,3 years ago
ИМПРОВИЗАЦИЯ. КОМАНДЫ / Жеребьевка Весна 2020»,70K views,2 years ago
"ИМПРОВИЗАЦИЯ. КОМАНДЫ / Жеребьевка. Сцена «Москва 1», сезон 2018 /",69K views,4 years ago
"Шастун и Позов о том, что они видели, и почему так произошло / Импровизация. Команды",64K views,3 years ago
"ИМПРОВИЗАЦИЯ. КОМАНДЫ / Жеребьевка. Сцена «Хард», Сезон «Осень - 2019»",45K views,3 years ago
