title,price
B&C   Поло B&C PU1100022 Чорне,381
B&C   Поло B&C PUI10145 Коричневе,381
ROZA   Поло ROZA 1604101 Чорне,189
B&C   Поло B&C PUI108801 Блакитне,381
B&C   Поло B&C PUI100011 Біле,381
B&C   Поло B&C PU10120 Бежеве,381
ROZA   Поло ROZA 1604101 Біле,189
Sol's   Поло Sol's Summer II 11342269 Хакі,399
B&C   Поло B&C PU100031 Темно-синє,381
ROZA   Поло ROZA 1604101 Червоне,189
B&C   Поло B&C PUI105401 Темно-зелене,381
Sol's   Поло Sol's Summer II 11342312 Чорне,399
B&C   Поло B&C PUI10610 Сірий меланж,381
DeFacto   Поло DeFacto V1849AZ-WT32 Off White,299
B&C   Поло B&C PU1108842 Жовте,381
B&C   Поло B&C PU104501 Синє,381
B&C   Поло B&C PUI103501 Фіолетове,381
B&C   Поло B&C PUI108831 Темно-сіре,381
B&C   Поло B&C PU100044 Жовтогаряче,381
DeFacto   Поло DeFacto N6375AZ-BK27 Black,399
